{"chunk_definitions":[{"row":14,"row_count":1,"visible":true,"expansion_state":0,"options":{"engine":"r","label":"setup","include":false,"dev":"png"},"document_id":"1C129445","chunk_id":"csetup_chunk","chunk_label":"setup"},{"row":121,"row_count":1,"visible":true,"expansion_state":0,"options":{"engine":"r","label":"unnamed-chunk-33","dev":"png"},"document_id":"1C129445","chunk_id":"c0xa1a214yt4e","chunk_label":"unnamed-chunk-1"},{"row":126,"row_count":1,"visible":true,"expansion_state":0,"options":{},"document_id":"1C129445","chunk_id":"chvp2ijrals2y","chunk_label":"unnamed-chunk-2"},{"row":145,"row_count":1,"visible":true,"expansion_state":0,"options":{},"document_id":"1C129445","chunk_id":"ckzavxehrh6px","chunk_label":"unnamed-chunk-3"},{"row":152,"row_count":1,"visible":true,"expansion_state":0,"options":{},"document_id":"1C129445","chunk_id":"cnjc0zx8m2kul","chunk_label":"unnamed-chunk-4"},{"row":159,"row_count":1,"visible":true,"expansion_state":0,"options":{},"document_id":"1C129445","chunk_id":"cg3x25tys2sxv","chunk_label":"unnamed-chunk-5"},{"row":487,"row_count":1,"visible":true,"expansion_state":0,"options":{"engine":"r","label":"unnamed-chunk-34","dev":"png"},"document_id":"D2DA1696","chunk_id":"cpixrhhr2us7n","chunk_label":"unnamed-chunk-37"}],"doc_write_time":1726845923}