{"chunk_definitions":[{"row":13,"row_count":1,"visible":true,"expansion_state":0,"options":{"engine":"r","label":"setup","include":false,"dev":"png"},"document_id":"DFB25516","chunk_id":"csetup_chunk","chunk_label":"setup"},{"row":23,"row_count":1,"visible":true,"expansion_state":0,"options":{"engine":"r","label":"unnamed-chunk-10","dev":"png"},"document_id":"DFB25516","chunk_id":"ckteksurzgozr","chunk_label":"unnamed-chunk-1"},{"row":33,"row_count":1,"visible":true,"expansion_state":0,"options":{"engine":"r","label":"unnamed-chunk-8","dev":"png"},"document_id":"E563A10D","chunk_id":"cvaf70mn74iau","chunk_label":"unnamed-chunk-2"},{"row":124,"row_count":1,"visible":true,"expansion_state":0,"options":{"engine":"r","label":"unnamed-chunk-9","dev":"png"},"document_id":"DFB25516","chunk_id":"cn1z2s4q64eix","chunk_label":"unnamed-chunk-3"},{"row":131,"row_count":1,"visible":true,"expansion_state":0,"options":{"engine":"r","label":"unnamed-chunk-4","dev":"png"},"document_id":"DFB25516","chunk_id":"ct0rsm6267qmb","chunk_label":"unnamed-chunk-4"},{"row":139,"row_count":1,"visible":true,"expansion_state":0,"options":{"engine":"r","label":"unnamed-chunk-5","dev":"png"},"document_id":"DFB25516","chunk_id":"c724d2gdj0has","chunk_label":"unnamed-chunk-5"},{"row":147,"row_count":1,"visible":true,"expansion_state":0,"options":{"engine":"r","label":"unnamed-chunk-6","dev":"png"},"document_id":"DFB25516","chunk_id":"cdnu0jxgufpo7","chunk_label":"unnamed-chunk-6"},{"row":171,"row_count":1,"visible":true,"expansion_state":0,"options":{"engine":"r","label":"unnamed-chunk-7","dev":"png"},"document_id":"DFB25516","chunk_id":"cuw5zi5doxqhp","chunk_label":"unnamed-chunk-7"},{"row":226,"row_count":1,"visible":true,"expansion_state":0,"options":{"engine":"r","label":"unnamed-chunk-61","dev":"png"},"document_id":"DFB25516","chunk_id":"c4t5zkg8iilda","chunk_label":"unnamed-chunk-8"},{"row":268,"row_count":1,"visible":true,"expansion_state":0,"options":{"engine":"r","label":"unnamed-chunk-78","dev":"png"},"document_id":"E563A10D","chunk_id":"cj0nkbjan9t70","chunk_label":"unnamed-chunk-9"},{"row":299,"row_count":1,"visible":true,"expansion_state":0,"options":{"engine":"r","fig.height":5,"fig.width":14,"label":"unnamed-chunk-178","dev":"png"},"document_id":"E563A10D","chunk_id":"c3b4qae98et4u","chunk_label":"unnamed-chunk-10"},{"row":309,"row_count":1,"visible":true,"expansion_state":0,"options":{},"document_id":"E563A10D","chunk_id":"cdgxrp2akyin9","chunk_label":"unnamed-chunk-11"},{"row":328,"row_count":1,"visible":true,"expansion_state":0,"options":{"engine":"r","label":"unnamed-chunk-240","dev":"png"},"document_id":"E563A10D","chunk_id":"cetssqoky8m0j","chunk_label":"unnamed-chunk-12"},{"row":348,"row_count":1,"visible":true,"expansion_state":0,"options":{"engine":"r","label":"unnamed-chunk-244","dev":"png"},"document_id":"E563A10D","chunk_id":"cso37v3mk622r","chunk_label":"unnamed-chunk-13"},{"row":376,"row_count":1,"visible":true,"expansion_state":0,"options":{"engine":"r","label":"unnamed-chunk-247","dev":"png"},"document_id":"E563A10D","chunk_id":"c2ao4ptmhrwue","chunk_label":"unnamed-chunk-14"},{"row":388,"row_count":1,"visible":true,"expansion_state":0,"options":{},"document_id":"E563A10D","chunk_id":"c93vtjwhkyz1v","chunk_label":"unnamed-chunk-15"},{"row":398,"row_count":1,"visible":true,"expansion_state":0,"options":{},"document_id":"E563A10D","chunk_id":"cpz7k3df0lsvi","chunk_label":"unnamed-chunk-16"}],"doc_write_time":1730247312,"working_dir":null,"default_chunk_options":{"echo":true},"chunk_rendered_width":400}