{"chunk_definitions":[{"row":21,"row_count":1,"visible":true,"expansion_state":0,"options":{"engine":"r","label":"setup","include":false,"dev":"png"},"document_id":"DFB25516","chunk_id":"csetup_chunk","chunk_label":"setup"},{"row":31,"row_count":1,"visible":true,"expansion_state":0,"options":{"engine":"r","label":"unnamed-chunk-1","dev":"png"},"document_id":"DFB25516","chunk_id":"ckteksurzgozr","chunk_label":"unnamed-chunk-1"},{"row":41,"row_count":1,"visible":true,"expansion_state":0,"options":{"engine":"r","label":"unnamed-chunk-2","dev":"png"},"document_id":"E563A10D","chunk_id":"cvaf70mn74iau","chunk_label":"unnamed-chunk-2"},{"row":132,"row_count":1,"visible":true,"expansion_state":0,"options":{"engine":"r","label":"unnamed-chunk-3","dev":"png"},"document_id":"DFB25516","chunk_id":"cn1z2s4q64eix","chunk_label":"unnamed-chunk-3"},{"row":139,"row_count":1,"visible":true,"expansion_state":0,"options":{"engine":"r","label":"unnamed-chunk-4","dev":"png"},"document_id":"DFB25516","chunk_id":"ct0rsm6267qmb","chunk_label":"unnamed-chunk-4"},{"row":147,"row_count":1,"visible":true,"expansion_state":0,"options":{"engine":"r","label":"unnamed-chunk-5","dev":"png"},"document_id":"DFB25516","chunk_id":"c724d2gdj0has","chunk_label":"unnamed-chunk-5"},{"row":155,"row_count":1,"visible":true,"expansion_state":0,"options":{"engine":"r","label":"unnamed-chunk-6","dev":"png"},"document_id":"DFB25516","chunk_id":"cdnu0jxgufpo7","chunk_label":"unnamed-chunk-6"},{"row":179,"row_count":1,"visible":true,"expansion_state":0,"options":{"engine":"r","label":"unnamed-chunk-7","dev":"png"},"document_id":"DFB25516","chunk_id":"cuw5zi5doxqhp","chunk_label":"unnamed-chunk-7"},{"row":234,"row_count":1,"visible":true,"expansion_state":0,"options":{"engine":"r","label":"unnamed-chunk-8","dev":"png"},"document_id":"DFB25516","chunk_id":"c4t5zkg8iilda","chunk_label":"unnamed-chunk-8"},{"row":276,"row_count":1,"visible":true,"expansion_state":0,"options":{"engine":"r","label":"unnamed-chunk-9","dev":"png"},"document_id":"E563A10D","chunk_id":"cj0nkbjan9t70","chunk_label":"unnamed-chunk-9"},{"row":304,"row_count":1,"visible":true,"expansion_state":0,"options":{"engine":"r","fig.height":5,"fig.width":14,"label":"unnamed-chunk-10","dev":"png"},"document_id":"E563A10D","chunk_id":"c3b4qae98et4u","chunk_label":"unnamed-chunk-10"},{"row":327,"row_count":1,"visible":true,"expansion_state":0,"options":{"engine":"r","label":"unnamed-chunk-11","dev":"png"},"document_id":"CAB22B0B","chunk_id":"czdtewb0o9a2i","chunk_label":"unnamed-chunk-11"},{"row":346,"row_count":1,"visible":true,"expansion_state":0,"options":{"engine":"r","label":"unnamed-chunk-12","dev":"png"},"document_id":"E563A10D","chunk_id":"cetssqoky8m0j","chunk_label":"unnamed-chunk-12"},{"row":366,"row_count":1,"visible":true,"expansion_state":0,"options":{"engine":"r","label":"unnamed-chunk-13","dev":"png"},"document_id":"E563A10D","chunk_id":"cso37v3mk622r","chunk_label":"unnamed-chunk-13"},{"row":392,"row_count":1,"visible":true,"expansion_state":0,"options":{"engine":"r","label":"unnamed-chunk-15","dev":"png"},"document_id":"E563A10D","chunk_id":"c2ao4ptmhrwue","chunk_label":"unnamed-chunk-14"},{"row":411,"row_count":1,"visible":true,"expansion_state":0,"options":{"engine":"r","label":"unnamed-chunk-16","dev":"png"},"document_id":"CAB22B0B","chunk_id":"cig8cyboyk1tr","chunk_label":"unnamed-chunk-15"},{"row":427,"row_count":1,"visible":true,"expansion_state":0,"options":{"engine":"r","label":"unnamed-chunk-17","dev":"png"},"document_id":"CAB22B0B","chunk_id":"cg12rwowklfwr","chunk_label":"unnamed-chunk-16"}],"doc_write_time":1730302333}