{"chunk_definitions":[{"row":53,"row_count":1,"visible":true,"expansion_state":0,"options":{"engine":"r","label":"setup","include":false,"dev":"png"},"document_id":"5359B17A","chunk_id":"csetup_chunk","chunk_label":"setup"},{"row":287,"row_count":1,"visible":true,"expansion_state":0,"options":{"engine":"r","label":"unnamed-chunk-1","dev":"png"},"document_id":"5359B17A","chunk_id":"cffdsms05dhgm","chunk_label":"unnamed-chunk-19"},{"row":350,"row_count":1,"visible":true,"expansion_state":0,"options":{"engine":"r","label":"unnamed-chunk-88","dev":"png"},"document_id":"5359B17A","chunk_id":"c5vd1zeaze0ee","chunk_label":"unnamed-chunk-22"}],"doc_write_time":1729898550,"working_dir":null,"default_chunk_options":{"echo":true}}